epoch,time,train/box_loss,train/cls_loss,train/dfl_loss,metrics/precision(B),metrics/recall(B),metrics/mAP50(B),metrics/mAP50-95(B),val/box_loss,val/cls_loss,val/dfl_loss,lr/pg0,lr/pg1,lr/pg2
1,12.2656,2.60439,4.26256,1.77079,0.00032,0.00847,1e-05,0,2.38821,4.18902,1.56489,0.000277778,0.000277778,0.0725
2,13.9138,2.19595,3.57452,1.39319,0.0014,0.11165,0.00028,5e-05,3.05739,4.10324,1.63104,0.000611105,0.000611105,0.0395
3,15.5567,2.16499,2.97365,1.30743,0.00692,0.26903,0.00724,0.00174,1.45554,3.87484,1.05974,0.000944408,0.000944408,0.00649996
4,17.146,1.9571,2.21804,1.26166,0.00047,0.04762,7e-05,3e-05,1.39312,3.82767,1.11096,0.000999912,0.000999912,0.000999912
5,18.7685,1.64932,1.91399,1.1151,0.00496,0.41324,0.00402,0.00138,1.45155,3.82553,1.12658,0.000999844,0.000999844,0.000999844
6,20.4033,1.56734,1.66161,1.08773,0.00764,0.46234,0.003,0.00143,1.35574,3.80357,1.13197,0.000999756,0.000999756,0.000999756
7,22.1113,1.47248,1.51025,1.07376,0.0028,0.16317,0.0005,0.00023,1.387,3.80899,1.15862,0.000999648,0.000999648,0.000999648
8,23.8374,1.46586,1.47876,1.04593,0.0003,0.0187,1e-05,0,1.3136,3.81176,1.15414,0.000999521,0.000999521,0.000999521
9,25.5529,1.47461,1.42306,1.08904,0.00014,0.01587,1e-05,0,1.40739,3.83361,1.19137,0.000999375,0.000999375,0.000999375
10,27.2844,1.36654,1.36078,1.04102,0.00069,0.05327,0.00193,0.00133,1.38305,3.76576,1.14963,0.000999209,0.000999209,0.000999209
11,29.0314,1.32866,1.30175,1.01937,0.00382,0.22263,0.15561,0.07854,1.19546,3.59874,1.06353,0.000999023,0.000999023,0.000999023
12,30.9107,1.29225,1.21449,1.02303,0.01419,0.53054,0.49528,0.28437,1.16724,3.2095,1.02988,0.000998818,0.000998818,0.000998818
13,32.6456,1.31697,1.15389,0.99959,0.01967,0.65725,0.60847,0.35157,1.19322,3.00011,1.04399,0.000998594,0.000998594,0.000998594
14,34.3066,1.18679,1.06743,0.99517,0.84993,0.61888,0.67727,0.41448,1.16828,2.60871,1.03868,0.00099835,0.00099835,0.00099835
15,36.7919,1.18423,1.0708,0.99134,0.99416,0.24533,0.69646,0.41184,1.17282,2.46273,1.03701,0.000998086,0.000998086,0.000998086
16,38.5999,1.18306,1.0544,0.98667,0.99565,0.2969,0.74728,0.50487,1.09804,2.02478,1.00239,0.000997803,0.000997803,0.000997803
17,40.2533,1.08852,0.97831,0.94895,0.97403,0.35893,0.78518,0.54329,1.07254,1.8364,0.99165,0.000997501,0.000997501,0.000997501
18,41.8567,1.12018,0.99382,0.97375,0.96886,0.43064,0.82669,0.53478,1.16156,1.72366,1.01033,0.000997179,0.000997179,0.000997179
19,43.4189,1.09131,0.94137,0.95471,0.97219,0.43905,0.84357,0.54106,1.1763,1.71041,1.01016,0.000996838,0.000996838,0.000996838
20,44.9503,1.14607,0.94764,0.97111,0.96114,0.54833,0.87144,0.57308,1.08915,1.58043,0.98482,0.000996477,0.000996477,0.000996477
21,46.6097,1.12173,0.9311,0.94328,0.95952,0.58338,0.88719,0.5799,1.08661,1.549,0.9847,0.000996097,0.000996097,0.000996097
22,48.2715,1.03906,0.89709,0.93239,0.94077,0.73316,0.91067,0.59558,1.07316,1.39148,0.97941,0.000995697,0.000995697,0.000995697
23,49.9695,1.03057,0.87326,0.92637,0.91806,0.80935,0.91875,0.60107,1.05182,1.25088,0.96522,0.000995278,0.000995278,0.000995278
24,51.6561,1.05734,0.88507,0.94192,0.93266,0.84001,0.93406,0.6301,1.01261,1.07943,0.95382,0.00099484,0.00099484,0.00099484
25,53.3768,1.01093,0.83544,0.93956,0.93016,0.85632,0.93739,0.64425,1.04686,1.01321,0.96535,0.000994383,0.000994383,0.000994383
26,55.0867,0.9579,0.7957,0.90197,0.95217,0.89668,0.93894,0.67256,0.98244,0.89209,0.94576,0.000993906,0.000993906,0.000993906
27,56.7644,1.0359,0.86158,0.934,0.93479,0.90761,0.94238,0.64809,0.99267,0.88368,0.9437,0.00099341,0.00099341,0.00099341
28,58.3749,1.06276,0.84041,0.93695,0.95419,0.8532,0.94097,0.66188,0.95236,0.92187,0.93135,0.000992894,0.000992894,0.000992894
29,59.9655,1.00437,0.85778,0.93045,0.95146,0.88478,0.94085,0.65578,0.97041,0.93784,0.92864,0.000992359,0.000992359,0.000992359
30,61.6097,0.95202,0.80872,0.91582,0.95682,0.9167,0.94557,0.65925,0.95822,0.83919,0.92695,0.000991805,0.000991805,0.000991805
31,63.2247,0.95753,0.80452,0.90805,0.94847,0.9255,0.94873,0.68384,0.93977,0.81005,0.92459,0.000991232,0.000991232,0.000991232
32,64.8575,0.92632,0.78881,0.92967,0.9573,0.92077,0.94996,0.68206,0.94237,0.77311,0.92439,0.00099064,0.00099064,0.00099064
33,66.4513,0.90539,0.75842,0.90042,0.96412,0.92101,0.95124,0.66498,0.93544,0.78894,0.92162,0.000990028,0.000990028,0.000990028
34,68.1443,0.95323,0.76688,0.90207,0.94887,0.92625,0.94838,0.67777,0.99885,0.78217,0.93796,0.000989398,0.000989398,0.000989398
35,69.9864,0.98014,0.78419,0.91736,0.9479,0.92782,0.95203,0.68307,0.99638,0.75785,0.93914,0.000988748,0.000988748,0.000988748
36,71.8317,0.94777,0.75632,0.91935,0.94533,0.91166,0.95223,0.69755,0.91795,0.72927,0.91935,0.000988079,0.000988079,0.000988079
37,73.5519,0.94329,0.75299,0.91386,0.93097,0.92206,0.95751,0.69069,0.97333,0.75034,0.93009,0.000987391,0.000987391,0.000987391
38,75.2366,0.95089,0.74627,0.90978,0.93227,0.93189,0.95619,0.69199,0.93238,0.74676,0.92374,0.000986684,0.000986684,0.000986684
39,76.8282,0.95753,0.7222,0.90862,0.96203,0.90554,0.95494,0.69954,0.92231,0.739,0.91786,0.000985958,0.000985958,0.000985958
40,78.5312,0.93439,0.73754,0.90451,0.98104,0.89537,0.95444,0.64252,1.07942,0.73561,0.95087,0.000985213,0.000985213,0.000985213
41,80.1667,0.93737,0.75269,0.90826,0.96262,0.93234,0.95416,0.62223,1.133,0.73415,0.96911,0.000984449,0.000984449,0.000984449
42,81.7069,0.94039,0.75341,0.91637,0.96556,0.93334,0.95283,0.69893,0.90643,0.68457,0.91858,0.000983666,0.000983666,0.000983666
43,83.2431,0.85167,0.68066,0.9051,0.9793,0.93056,0.95558,0.71588,0.88422,0.6835,0.91728,0.000982864,0.000982864,0.000982864
44,84.8039,0.9186,0.71023,0.9121,0.98889,0.91588,0.96159,0.71828,0.92295,0.66585,0.92022,0.000982043,0.000982043,0.000982043
45,86.3823,0.9065,0.68195,0.88293,0.97939,0.91726,0.96197,0.68666,1.07425,0.70167,0.94766,0.000981204,0.000981204,0.000981204
46,87.9004,0.92156,0.70083,0.90021,0.97661,0.92548,0.96361,0.69443,0.95705,0.68926,0.92311,0.000980345,0.000980345,0.000980345
47,89.4581,0.88597,0.6956,0.89361,0.97836,0.92729,0.95647,0.69813,0.90667,0.6768,0.91558,0.000979468,0.000979468,0.000979468
48,91.0211,0.92969,0.72381,0.89598,0.97726,0.89328,0.95178,0.58969,1.2082,0.76686,0.99885,0.000978572,0.000978572,0.000978572
49,92.6904,0.94149,0.70504,0.91314,0.97803,0.89081,0.95089,0.6014,1.17693,0.76556,0.99057,0.000977658,0.000977658,0.000977658
50,94.3269,0.937,0.70885,0.90287,0.97565,0.93389,0.95904,0.7065,0.91709,0.68939,0.9165,0.000976725,0.000976725,0.000976725
51,95.9436,0.87483,0.66547,0.90057,0.99823,0.93501,0.95932,0.73233,0.87045,0.659,0.90811,0.000975773,0.000975773,0.000975773
52,97.6207,0.89989,0.67388,0.90551,0.98561,0.93382,0.96793,0.71068,0.9365,0.66171,0.92355,0.000974803,0.000974803,0.000974803
53,99.2388,0.8879,0.66986,0.89746,0.98109,0.93664,0.96734,0.7084,0.90394,0.66792,0.91728,0.000973814,0.000973814,0.000973814
54,100.874,0.90852,0.66244,0.88568,0.96186,0.93398,0.96533,0.71386,0.88945,0.65758,0.92266,0.000972806,0.000972806,0.000972806
55,102.488,0.87994,0.67417,0.88846,0.96709,0.92941,0.96522,0.70601,0.90204,0.63762,0.91696,0.00097178,0.00097178,0.00097178
56,104.115,0.86645,0.64677,0.89436,0.9629,0.94114,0.96376,0.7126,0.8784,0.63258,0.91164,0.000970736,0.000970736,0.000970736
57,105.77,0.86387,0.6447,0.87461,0.97004,0.93698,0.96168,0.70384,0.88441,0.63284,0.91201,0.000969673,0.000969673,0.000969673
58,107.356,0.84285,0.66118,0.8812,0.96566,0.94394,0.96167,0.71566,0.86046,0.634,0.90823,0.000968592,0.000968592,0.000968592
59,109.01,0.83687,0.64488,0.88919,0.95974,0.9414,0.96009,0.71599,0.84005,0.62919,0.90142,0.000967493,0.000967493,0.000967493
60,110.628,0.83875,0.63698,0.87294,0.96856,0.93767,0.95839,0.72483,0.83811,0.63651,0.89604,0.000966375,0.000966375,0.000966375
61,112.25,0.82435,0.62024,0.87207,0.97443,0.93373,0.9632,0.71236,0.85323,0.62781,0.9011,0.000965239,0.000965239,0.000965239
62,113.896,0.83757,0.61674,0.88572,0.98029,0.91001,0.96764,0.71152,0.89359,0.63377,0.91391,0.000964085,0.000964085,0.000964085
63,115.534,0.86292,0.62945,0.88301,0.95712,0.92245,0.96718,0.707,0.86859,0.63,0.90977,0.000962913,0.000962913,0.000962913
64,117.174,0.83207,0.64298,0.87456,0.94792,0.93692,0.96368,0.71133,0.87965,0.62493,0.91156,0.000961723,0.000961723,0.000961723
65,118.795,0.83969,0.62241,0.88961,0.95209,0.94093,0.96515,0.72235,0.84613,0.6155,0.90457,0.000960515,0.000960515,0.000960515
66,120.418,0.79727,0.62451,0.87595,0.97879,0.91661,0.96189,0.70769,0.87609,0.63269,0.90787,0.000959289,0.000959289,0.000959289
67,122.076,0.78661,0.61988,0.87945,0.97227,0.91543,0.96084,0.70873,0.87424,0.64009,0.90313,0.000958044,0.000958044,0.000958044
68,123.688,0.80055,0.60606,0.88125,0.98245,0.91735,0.96071,0.68844,0.89773,0.62227,0.91254,0.000956782,0.000956782,0.000956782
69,125.412,0.76178,0.58375,0.87692,0.97726,0.91519,0.95807,0.68676,0.89097,0.61302,0.9173,0.000955502,0.000955502,0.000955502
70,127.047,0.78738,0.59667,0.8695,0.94598,0.93311,0.95585,0.69742,0.89274,0.61971,0.92157,0.000954205,0.000954205,0.000954205
71,128.696,0.81841,0.6148,0.88609,0.94534,0.90984,0.95369,0.68422,0.90083,0.62215,0.92018,0.000952889,0.000952889,0.000952889
72,130.351,0.80395,0.59064,0.86818,0.94344,0.92877,0.95464,0.70588,0.90161,0.62761,0.91136,0.000951556,0.000951556,0.000951556
73,131.97,0.80905,0.60923,0.86967,0.95604,0.93316,0.9583,0.68113,1.01321,0.63966,0.93309,0.000950206,0.000950206,0.000950206
74,133.592,0.82242,0.60145,0.88159,0.96577,0.91107,0.95606,0.70078,0.86873,0.61744,0.9036,0.000948837,0.000948837,0.000948837
75,135.229,0.8344,0.60889,0.87316,0.98789,0.89784,0.95826,0.71366,0.82078,0.59663,0.89579,0.000947452,0.000947452,0.000947452
76,136.858,0.81608,0.59584,0.88552,0.97067,0.90961,0.96461,0.70468,0.91105,0.58899,0.91239,0.000946048,0.000946048,0.000946048
77,138.504,0.81508,0.58179,0.84632,0.96567,0.91375,0.96988,0.70945,0.95849,0.59806,0.92426,0.000944628,0.000944628,0.000944628
78,140.163,0.79813,0.57448,0.86069,0.98151,0.89275,0.96422,0.70842,0.82032,0.59305,0.8966,0.000943189,0.000943189,0.000943189
79,141.774,0.90061,0.60869,0.89694,0.96638,0.91349,0.96424,0.70363,0.83781,0.61547,0.89959,0.000941734,0.000941734,0.000941734
80,143.453,0.80827,0.60343,0.87901,0.93985,0.92567,0.97057,0.69009,0.9566,0.63942,0.92542,0.000940262,0.000940262,0.000940262
81,145.142,0.84477,0.60945,0.86895,0.94114,0.93619,0.97316,0.68163,1.04242,0.65677,0.94574,0.000938772,0.000938772,0.000938772
82,146.802,0.8205,0.59895,0.85809,0.99288,0.88584,0.97224,0.73506,0.81675,0.59105,0.89378,0.000937265,0.000937265,0.000937265
83,148.462,0.87664,0.5997,0.87278,0.99481,0.88606,0.97224,0.72841,0.84206,0.59397,0.89688,0.000935741,0.000935741,0.000935741
84,150.149,0.81767,0.58581,0.864,0.95668,0.93947,0.97373,0.73084,0.83408,0.57691,0.89493,0.0009342,0.0009342,0.0009342
85,151.791,0.84578,0.59241,0.86965,0.97292,0.93947,0.97198,0.6953,0.97636,0.60843,0.92555,0.000932642,0.000932642,0.000932642
86,153.409,0.84606,0.61098,0.87439,0.98852,0.93947,0.96636,0.69987,0.87601,0.5938,0.90491,0.000931067,0.000931067,0.000931067
87,155.086,0.77317,0.57128,0.85964,0.97844,0.93655,0.96099,0.7236,0.82246,0.57818,0.89249,0.000929476,0.000929476,0.000929476
88,156.749,0.80611,0.57111,0.8587,0.98194,0.93614,0.96205,0.74313,0.82348,0.57237,0.89424,0.000927867,0.000927867,0.000927867
89,158.375,0.77922,0.56726,0.86308,0.98381,0.94229,0.96235,0.73399,0.85197,0.57142,0.89782,0.000926242,0.000926242,0.000926242
90,160.03,0.79994,0.59193,0.88066,0.97431,0.94474,0.96272,0.74422,0.82927,0.56237,0.89488,0.000924601,0.000924601,0.000924601
91,161.722,0.77028,0.56145,0.85702,0.95847,0.93788,0.96213,0.75167,0.79664,0.55652,0.88689,0.000922942,0.000922942,0.000922942
92,163.397,0.81613,0.56481,0.87443,0.97114,0.91626,0.96018,0.75087,0.81451,0.56163,0.8897,0.000921268,0.000921268,0.000921268
93,165.02,0.82075,0.57186,0.87848,0.96602,0.92574,0.96492,0.74605,0.82385,0.56887,0.89112,0.000919576,0.000919576,0.000919576
94,166.665,0.80153,0.57225,0.86653,0.97518,0.92718,0.96388,0.72351,0.84565,0.55548,0.89838,0.000917869,0.000917869,0.000917869
95,168.301,0.76735,0.55543,0.8581,0.9773,0.92334,0.96465,0.73006,0.82347,0.55309,0.89281,0.000916145,0.000916145,0.000916145
96,169.968,0.78935,0.58122,0.87005,0.97966,0.93365,0.97046,0.74364,0.81152,0.5575,0.888,0.000914405,0.000914405,0.000914405
97,171.613,0.75187,0.57683,0.86389,0.97344,0.93718,0.973,0.74275,0.8075,0.55407,0.88658,0.000912649,0.000912649,0.000912649
98,173.246,0.75941,0.55357,0.84943,0.9897,0.93655,0.97878,0.72728,0.81827,0.56276,0.89239,0.000910876,0.000910876,0.000910876
99,174.897,0.73719,0.54891,0.86079,0.98282,0.93548,0.98121,0.72889,0.81197,0.56094,0.89167,0.000909088,0.000909088,0.000909088
100,176.53,0.727,0.54536,0.86006,0.97108,0.93303,0.97852,0.72637,0.78952,0.55148,0.88793,0.000907284,0.000907284,0.000907284
101,178.207,0.73292,0.5257,0.85586,0.96831,0.93545,0.98051,0.73492,0.79358,0.5454,0.88609,0.000905463,0.000905463,0.000905463
102,179.823,0.75302,0.53107,0.86548,0.97027,0.94043,0.97339,0.72787,0.82106,0.54112,0.89319,0.000903627,0.000903627,0.000903627
103,181.453,0.70313,0.50508,0.8539,0.96823,0.94095,0.97456,0.72444,0.81608,0.54755,0.89121,0.000901776,0.000901776,0.000901776
104,183.08,0.77807,0.53749,0.85816,0.97434,0.94192,0.97239,0.70864,0.82601,0.55561,0.89695,0.000899908,0.000899908,0.000899908
105,184.694,0.70256,0.52873,0.8617,0.97369,0.94418,0.97109,0.70709,0.83415,0.54876,0.89941,0.000898025,0.000898025,0.000898025
106,186.339,0.74209,0.55126,0.84613,0.97104,0.93747,0.96716,0.71268,0.85255,0.56585,0.90222,0.000896127,0.000896127,0.000896127
107,187.965,0.7786,0.554,0.84119,0.96892,0.93702,0.96974,0.71733,0.8466,0.56878,0.89997,0.000894213,0.000894213,0.000894213
108,189.609,0.77173,0.53789,0.86044,0.97759,0.91342,0.96599,0.71571,0.83475,0.55675,0.89521,0.000892283,0.000892283,0.000892283
109,191.273,0.71435,0.51813,0.84873,0.98691,0.91102,0.96837,0.71484,0.84791,0.54923,0.8998,0.000890339,0.000890339,0.000890339
110,192.936,0.7484,0.54485,0.84202,0.98366,0.92844,0.97347,0.72862,0.82721,0.54677,0.89727,0.000888379,0.000888379,0.000888379
111,194.61,0.7349,0.53988,0.85105,0.98286,0.92956,0.97071,0.72868,0.81366,0.53774,0.89239,0.000886404,0.000886404,0.000886404
112,196.275,0.75329,0.54095,0.85986,0.96975,0.93694,0.97322,0.73801,0.82157,0.53998,0.89796,0.000884414,0.000884414,0.000884414
113,197.893,0.73537,0.53086,0.8466,0.97437,0.9322,0.97058,0.7283,0.8313,0.54282,0.90768,0.000882409,0.000882409,0.000882409
114,199.548,0.76649,0.55321,0.87124,0.96873,0.94295,0.96943,0.73373,0.85478,0.55093,0.90486,0.000880389,0.000880389,0.000880389
115,201.161,0.77161,0.53701,0.85647,0.97113,0.94229,0.96773,0.73148,0.79559,0.54011,0.89156,0.000878354,0.000878354,0.000878354
116,202.754,0.77061,0.5417,0.85371,0.95711,0.93926,0.95619,0.71946,0.84289,0.56165,0.89477,0.000876305,0.000876305,0.000876305
117,204.378,0.76219,0.53729,0.85579,0.9629,0.94794,0.95829,0.72487,0.80967,0.55155,0.891,0.000874241,0.000874241,0.000874241
118,205.992,0.75874,0.53122,0.84864,0.97192,0.94512,0.9668,0.72072,0.88021,0.55905,0.9031,0.000872162,0.000872162,0.000872162
119,207.644,0.72995,0.53454,0.8537,0.97621,0.94512,0.96874,0.7315,0.82176,0.54914,0.89187,0.000870069,0.000870069,0.000870069
120,209.302,0.78477,0.51682,0.86487,0.98262,0.94436,0.96957,0.74036,0.82907,0.534,0.89306,0.000867961,0.000867961,0.000867961
121,210.937,0.76796,0.53043,0.86365,0.98456,0.94229,0.96781,0.72248,0.90069,0.54797,0.90855,0.000865839,0.000865839,0.000865839
122,212.547,0.75655,0.54154,0.86156,0.9862,0.94229,0.96745,0.71367,0.86728,0.5407,0.90419,0.000863703,0.000863703,0.000863703
123,214.313,0.7214,0.52657,0.85848,0.97978,0.94229,0.96783,0.71981,0.8111,0.51998,0.8942,0.000861553,0.000861553,0.000861553
124,216.041,0.7219,0.50884,0.84909,0.97601,0.94303,0.97149,0.71766,0.83216,0.5401,0.89965,0.000859389,0.000859389,0.000859389
125,217.748,0.73531,0.51853,0.86175,0.98016,0.94332,0.97586,0.70227,0.88245,0.5516,0.91032,0.00085721,0.00085721,0.00085721
126,219.464,0.71505,0.51239,0.84839,0.98958,0.94512,0.97326,0.72363,0.84562,0.52936,0.89838,0.000855018,0.000855018,0.000855018
127,221.152,0.71076,0.50423,0.85598,0.98056,0.94311,0.97071,0.73634,0.80011,0.50877,0.88801,0.000852812,0.000852812,0.000852812
128,222.813,0.70369,0.49284,0.84718,0.97968,0.93467,0.9676,0.73736,0.78217,0.50968,0.88742,0.000850592,0.000850592,0.000850592
129,224.459,0.71869,0.49933,0.85416,0.97782,0.93453,0.96954,0.72669,0.84063,0.51687,0.89802,0.000848358,0.000848358,0.000848358
130,226.13,0.7315,0.52194,0.83973,0.99103,0.92101,0.96982,0.73656,0.8092,0.51058,0.89849,0.000846111,0.000846111,0.000846111
131,227.799,0.70156,0.50938,0.85286,0.96878,0.93988,0.96995,0.73343,0.78611,0.5054,0.89297,0.000843851,0.000843851,0.000843851
132,229.424,0.71806,0.51151,0.84573,0.96593,0.93,0.96106,0.72775,0.84625,0.51605,0.90535,0.000841577,0.000841577,0.000841577
133,231.055,0.7277,0.51129,0.84791,0.97884,0.92329,0.95976,0.7342,0.8471,0.52497,0.90221,0.00083929,0.00083929,0.00083929
134,232.689,0.72654,0.53266,0.86471,0.9796,0.94171,0.95899,0.72344,0.832,0.52464,0.89337,0.000836989,0.000836989,0.000836989
135,234.303,0.75152,0.50628,0.83833,0.97894,0.94325,0.95917,0.72475,0.85186,0.52897,0.89475,0.000834676,0.000834676,0.000834676
136,235.925,0.75834,0.51096,0.84856,0.98311,0.94402,0.96422,0.742,0.81917,0.51172,0.88435,0.000832349,0.000832349,0.000832349
137,237.608,0.73639,0.49836,0.853,0.98845,0.93955,0.96336,0.72896,0.87183,0.51938,0.89413,0.00083001,0.00083001,0.00083001
138,239.263,0.69903,0.49219,0.84633,0.98497,0.94088,0.96386,0.725,0.81355,0.50866,0.8834,0.000827658,0.000827658,0.000827658
139,240.868,0.7066,0.49333,0.85009,0.98483,0.9409,0.96422,0.71545,0.82088,0.50351,0.88706,0.000825293,0.000825293,0.000825293
140,242.535,0.76342,0.51168,0.84437,0.98722,0.93478,0.95675,0.7085,0.82679,0.51033,0.88846,0.000822915,0.000822915,0.000822915
141,244.175,0.72635,0.50365,0.84369,0.98324,0.9367,0.95544,0.71068,0.83118,0.5164,0.88697,0.000820525,0.000820525,0.000820525
142,245.811,0.74473,0.52278,0.86197,0.98189,0.93983,0.95131,0.71356,0.8795,0.5417,0.89981,0.000818122,0.000818122,0.000818122
143,247.432,0.70592,0.5001,0.86158,0.97888,0.93782,0.9503,0.71431,0.83348,0.52023,0.8925,0.000815707,0.000815707,0.000815707
144,249.115,0.73193,0.50781,0.8443,0.97613,0.93082,0.95099,0.70659,0.85344,0.51797,0.8986,0.00081328,0.00081328,0.00081328
145,250.774,0.7341,0.49716,0.86123,0.97052,0.93695,0.95283,0.71358,0.83053,0.51211,0.89266,0.000810841,0.000810841,0.000810841
146,252.368,0.69233,0.47161,0.83995,0.98582,0.93664,0.95384,0.71229,0.84474,0.50106,0.89579,0.000808389,0.000808389,0.000808389
147,253.983,0.69172,0.4849,0.83583,0.98722,0.93973,0.95576,0.71006,0.82145,0.49458,0.89293,0.000805925,0.000805925,0.000805925
148,255.657,0.71447,0.49099,0.83514,0.98795,0.94512,0.95788,0.73276,0.80049,0.49604,0.88356,0.00080345,0.00080345,0.00080345
149,257.291,0.71261,0.49354,0.83022,0.98695,0.94481,0.95886,0.73648,0.7876,0.50093,0.87785,0.000800963,0.000800963,0.000800963
150,258.956,0.6943,0.48627,0.83647,0.9835,0.93989,0.95876,0.748,0.80458,0.50524,0.87796,0.000798464,0.000798464,0.000798464
151,260.64,0.68188,0.48421,0.85882,0.98294,0.93499,0.95731,0.74837,0.77984,0.49905,0.87286,0.000795954,0.000795954,0.000795954
152,262.267,0.66226,0.4619,0.83773,0.98432,0.93116,0.9557,0.72703,0.79301,0.49115,0.88117,0.000793432,0.000793432,0.000793432
153,263.909,0.68951,0.47743,0.84498,0.9797,0.9367,0.95914,0.73596,0.79674,0.49305,0.8798,0.000790898,0.000790898,0.000790898
154,265.567,0.69642,0.47529,0.8323,0.98917,0.92827,0.95972,0.72139,0.82983,0.50341,0.88653,0.000788354,0.000788354,0.000788354
155,267.169,0.69603,0.48341,0.85026,0.98234,0.9316,0.95613,0.72423,0.78932,0.49749,0.8821,0.000785798,0.000785798,0.000785798
156,268.766,0.71627,0.48437,0.83881,0.98082,0.94073,0.95475,0.72195,0.81146,0.4965,0.88786,0.000783231,0.000783231,0.000783231
157,270.429,0.72139,0.49001,0.85278,0.98308,0.92759,0.96563,0.72631,0.82252,0.5023,0.88895,0.000780653,0.000780653,0.000780653
158,272.082,0.6743,0.48434,0.84336,0.99732,0.93018,0.96783,0.73938,0.82887,0.51263,0.89353,0.000778065,0.000778065,0.000778065
159,273.774,0.66433,0.46675,0.84398,0.99362,0.93823,0.96655,0.74594,0.79357,0.50231,0.88988,0.000775465,0.000775465,0.000775465
160,275.426,0.663,0.46842,0.84456,0.99307,0.93635,0.96042,0.73385,0.81359,0.50408,0.89024,0.000772855,0.000772855,0.000772855
161,277.076,0.63929,0.45763,0.83747,0.99174,0.93776,0.95293,0.73232,0.82183,0.5012,0.89209,0.000770234,0.000770234,0.000770234
162,278.733,0.66628,0.4678,0.84743,0.98752,0.93585,0.9543,0.72031,0.8216,0.49706,0.89194,0.000767603,0.000767603,0.000767603
163,280.364,0.68914,0.48185,0.8331,0.98016,0.94026,0.95539,0.7221,0.81196,0.48906,0.89088,0.000764961,0.000764961,0.000764961
164,282.032,0.65965,0.45915,0.84128,0.9711,0.94121,0.95766,0.73355,0.81183,0.48683,0.89506,0.00076231,0.00076231,0.00076231
165,283.681,0.64685,0.45864,0.8263,0.97197,0.93721,0.95569,0.72123,0.84895,0.49376,0.90314,0.000759648,0.000759648,0.000759648
166,285.262,0.68696,0.48047,0.83718,0.97533,0.9348,0.95201,0.73433,0.82244,0.48674,0.89666,0.000756976,0.000756976,0.000756976
167,286.896,0.65273,0.45429,0.84773,0.97839,0.93659,0.95084,0.73403,0.80531,0.48365,0.8921,0.000754293,0.000754293,0.000754293
168,288.553,0.64157,0.46395,0.84004,0.98915,0.93619,0.94895,0.73061,0.80249,0.48752,0.888,0.000751602,0.000751602,0.000751602
169,290.227,0.66616,0.46395,0.84017,0.9905,0.93817,0.95019,0.72963,0.79339,0.48357,0.88599,0.0007489,0.0007489,0.0007489
170,291.871,0.6638,0.4685,0.83126,0.99161,0.93828,0.95688,0.72202,0.85593,0.49283,0.89839,0.000746189,0.000746189,0.000746189
171,293.553,0.66574,0.46198,0.8384,0.98792,0.94247,0.96069,0.71248,0.85532,0.49362,0.90314,0.000743468,0.000743468,0.000743468
172,295.205,0.66361,0.4725,0.82616,0.9753,0.94512,0.95922,0.73746,0.7883,0.4859,0.8793,0.000740738,0.000740738,0.000740738
173,296.848,0.68392,0.46967,0.83507,0.97235,0.94512,0.95914,0.7376,0.80133,0.48845,0.88212,0.000737998,0.000737998,0.000737998
174,298.443,0.69412,0.47372,0.83489,0.97323,0.94315,0.95498,0.73489,0.82629,0.49495,0.88928,0.00073525,0.00073525,0.00073525
175,300.091,0.65412,0.45635,0.84013,0.97337,0.94222,0.95539,0.73387,0.80053,0.49441,0.88382,0.000732492,0.000732492,0.000732492
176,301.788,0.64849,0.46561,0.83322,0.97484,0.94433,0.95275,0.72645,0.81765,0.49892,0.88351,0.000729725,0.000729725,0.000729725
177,303.41,0.66171,0.45762,0.83041,0.98647,0.94304,0.9532,0.71634,0.85315,0.4956,0.89065,0.00072695,0.00072695,0.00072695
178,305.041,0.65019,0.44965,0.83832,0.98827,0.93947,0.95337,0.74219,0.78587,0.47747,0.87787,0.000724165,0.000724165,0.000724165
179,306.66,0.67505,0.46542,0.85374,0.98567,0.93844,0.95849,0.74228,0.78645,0.48244,0.87748,0.000721372,0.000721372,0.000721372
180,308.293,0.65294,0.45553,0.84897,0.98304,0.93752,0.95761,0.71643,0.84618,0.48955,0.89426,0.000718571,0.000718571,0.000718571
181,309.913,0.66141,0.4588,0.84504,0.9792,0.93947,0.9606,0.70758,0.91754,0.50095,0.91058,0.000715761,0.000715761,0.000715761
182,311.56,0.67186,0.45191,0.84197,0.98151,0.93667,0.96185,0.74067,0.82437,0.48503,0.88889,0.000712942,0.000712942,0.000712942
183,313.246,0.67861,0.47478,0.85171,0.99394,0.93373,0.96365,0.73589,0.81567,0.48513,0.89008,0.000710116,0.000710116,0.000710116
184,314.885,0.66956,0.46667,0.83433,0.99131,0.93475,0.96439,0.69335,0.92304,0.49826,0.92146,0.000707281,0.000707281,0.000707281
185,316.542,0.64007,0.44588,0.82582,0.98959,0.93652,0.96522,0.69027,0.92557,0.49569,0.92235,0.000704439,0.000704439,0.000704439
186,318.165,0.66119,0.45763,0.82771,0.99089,0.94229,0.96578,0.73325,0.8071,0.46511,0.89146,0.000701588,0.000701588,0.000701588
187,319.841,0.65414,0.44884,0.84535,0.99412,0.94015,0.9668,0.72921,0.82464,0.47009,0.89542,0.00069873,0.00069873,0.00069873
188,321.509,0.6696,0.45617,0.82218,0.99853,0.94125,0.97081,0.73248,0.85513,0.47614,0.89703,0.000695864,0.000695864,0.000695864
189,323.102,0.59893,0.41897,0.82738,0.99702,0.94037,0.97176,0.73736,0.8232,0.46932,0.88652,0.000692991,0.000692991,0.000692991
190,324.745,0.6422,0.43073,0.83031,0.99527,0.93627,0.97467,0.72157,0.8139,0.46543,0.88634,0.00069011,0.00069011,0.00069011
191,326.355,0.63691,0.44022,0.84299,0.99318,0.93971,0.97404,0.7088,0.84262,0.473,0.89469,0.000687222,0.000687222,0.000687222
192,328.045,0.65098,0.44748,0.82885,0.99406,0.93322,0.97425,0.69928,0.88521,0.47806,0.90418,0.000684326,0.000684326,0.000684326
193,329.705,0.60933,0.4219,0.82862,0.99428,0.93357,0.97597,0.71363,0.88915,0.4758,0.9053,0.000681424,0.000681424,0.000681424
194,331.344,0.63514,0.43531,0.81482,0.99428,0.93523,0.97223,0.72825,0.78065,0.45289,0.88433,0.000678514,0.000678514,0.000678514
195,332.968,0.63464,0.43323,0.83629,0.98307,0.93774,0.96978,0.72625,0.78194,0.46234,0.88422,0.000675598,0.000675598,0.000675598
196,334.622,0.64305,0.44656,0.84029,0.98622,0.92171,0.96936,0.72836,0.82131,0.47949,0.894,0.000672675,0.000672675,0.000672675
197,336.243,0.59843,0.4123,0.8282,0.99104,0.92077,0.95638,0.71947,0.8318,0.46689,0.89493,0.000669746,0.000669746,0.000669746
198,337.871,0.63732,0.43374,0.84354,0.96011,0.94569,0.95342,0.73811,0.78634,0.45873,0.88477,0.00066681,0.00066681,0.00066681
199,339.524,0.63095,0.44092,0.82308,0.95978,0.94654,0.95344,0.72864,0.80713,0.46823,0.88938,0.000663867,0.000663867,0.000663867
200,341.182,0.63413,0.43605,0.83329,0.96367,0.94269,0.95629,0.73087,0.80214,0.47321,0.88617,0.000660918,0.000660918,0.000660918
201,342.824,0.67206,0.44576,0.82237,0.96968,0.93962,0.95552,0.7235,0.79462,0.47135,0.88607,0.000657963,0.000657963,0.000657963
202,344.518,0.62736,0.43235,0.83296,0.97037,0.94525,0.95525,0.72792,0.78265,0.47,0.88356,0.000655002,0.000655002,0.000655002
203,346.187,0.63416,0.43171,0.83772,0.97235,0.94794,0.95494,0.72962,0.78283,0.47231,0.88309,0.000652036,0.000652036,0.000652036
204,347.856,0.62997,0.43318,0.82634,0.97122,0.94764,0.95712,0.72508,0.79242,0.48148,0.88299,0.000649063,0.000649063,0.000649063
205,349.592,0.62618,0.43897,0.82435,0.97793,0.94512,0.95695,0.72253,0.79951,0.48273,0.88417,0.000646085,0.000646085,0.000646085
206,351.283,0.65122,0.44862,0.83495,0.98833,0.94229,0.95673,0.73805,0.78646,0.47147,0.88204,0.000643101,0.000643101,0.000643101
207,352.895,0.61174,0.4203,0.81679,0.98542,0.94235,0.95651,0.73124,0.79785,0.4696,0.88616,0.000640111,0.000640111,0.000640111
208,354.514,0.60058,0.4219,0.82674,0.9852,0.94123,0.95635,0.7247,0.79089,0.46521,0.89008,0.000637116,0.000637116,0.000637116
209,356.17,0.60377,0.41291,0.82666,0.98623,0.94125,0.9566,0.72347,0.78557,0.45874,0.8899,0.000634117,0.000634117,0.000634117
210,357.84,0.60844,0.41303,0.83129,0.99011,0.93356,0.95585,0.72627,0.8238,0.46406,0.8963,0.000631112,0.000631112,0.000631112
211,359.469,0.56406,0.39977,0.82083,0.99358,0.93947,0.95636,0.73257,0.82771,0.47066,0.8951,0.000628101,0.000628101,0.000628101
212,361.16,0.62996,0.42568,0.83826,0.99016,0.94229,0.95631,0.7309,0.79366,0.45932,0.88982,0.000625087,0.000625087,0.000625087
213,362.809,0.60374,0.41779,0.82232,0.98856,0.94276,0.95677,0.72198,0.82782,0.46953,0.89736,0.000622067,0.000622067,0.000622067
214,364.478,0.61683,0.41861,0.8367,0.99541,0.94229,0.95461,0.71651,0.83222,0.46655,0.89926,0.000619043,0.000619043,0.000619043
215,366.117,0.60343,0.40972,0.82732,0.99704,0.94166,0.95218,0.7183,0.81044,0.45412,0.89644,0.000616014,0.000616014,0.000616014
216,367.761,0.65314,0.43991,0.82671,0.99392,0.94066,0.95313,0.72158,0.79935,0.45853,0.88973,0.000612981,0.000612981,0.000612981
217,369.446,0.59116,0.4174,0.82611,0.99201,0.94042,0.95355,0.71537,0.85604,0.4679,0.89669,0.000609944,0.000609944,0.000609944
218,371.15,0.6472,0.42839,0.84642,0.9918,0.94077,0.95318,0.71191,0.85459,0.47659,0.89615,0.000606902,0.000606902,0.000606902
219,372.802,0.67438,0.45703,0.83807,0.99083,0.94116,0.95184,0.72255,0.80778,0.46931,0.88699,0.000603856,0.000603856,0.000603856
220,374.508,0.61688,0.42539,0.82373,0.99069,0.94095,0.95237,0.71699,0.81316,0.46456,0.88936,0.000600807,0.000600807,0.000600807
221,376.124,0.64987,0.42765,0.81971,0.99377,0.93947,0.96109,0.72042,0.81363,0.46281,0.89294,0.000597754,0.000597754,0.000597754
222,377.747,0.63766,0.42659,0.82153,0.99297,0.94042,0.96422,0.70944,0.81406,0.46537,0.89427,0.000594697,0.000594697,0.000594697
223,379.428,0.64949,0.42485,0.82521,0.98892,0.93774,0.96264,0.71339,0.81703,0.46906,0.89469,0.000591636,0.000591636,0.000591636
224,381.08,0.6075,0.41585,0.82587,0.99096,0.93969,0.96853,0.71789,0.8466,0.46769,0.89973,0.000588573,0.000588573,0.000588573
225,382.731,0.63024,0.42466,0.83477,0.98914,0.93947,0.96765,0.72258,0.84139,0.47208,0.89853,0.000585505,0.000585505,0.000585505
226,384.389,0.60559,0.40435,0.82475,0.98643,0.94083,0.96826,0.73168,0.78483,0.46111,0.88554,0.000582435,0.000582435,0.000582435
227,386.039,0.61019,0.41235,0.83171,0.98665,0.94099,0.96823,0.72767,0.79683,0.46415,0.88921,0.000579362,0.000579362,0.000579362
228,387.709,0.59892,0.41126,0.82814,0.98624,0.94,0.97222,0.72955,0.79764,0.45406,0.89132,0.000576285,0.000576285,0.000576285
229,389.33,0.60001,0.40223,0.82803,0.98899,0.93769,0.96932,0.71974,0.81424,0.45796,0.89531,0.000573206,0.000573206,0.000573206
230,390.995,0.60042,0.40527,0.8301,0.99021,0.93947,0.96387,0.7341,0.77428,0.45365,0.88386,0.000570124,0.000570124,0.000570124
231,392.664,0.60846,0.41256,0.82458,0.99245,0.94009,0.9617,0.72499,0.78912,0.45776,0.88492,0.00056704,0.00056704,0.00056704
232,394.313,0.59216,0.39792,0.82026,0.9927,0.94017,0.95213,0.72703,0.77857,0.45516,0.88228,0.000563953,0.000563953,0.000563953
233,395.957,0.59832,0.40589,0.82898,0.99183,0.94104,0.95207,0.72773,0.77152,0.44769,0.88221,0.000560864,0.000560864,0.000560864
234,397.601,0.61201,0.41464,0.81613,0.99151,0.94219,0.95256,0.73651,0.76928,0.439,0.88235,0.000557773,0.000557773,0.000557773
235,399.233,0.59179,0.39967,0.8243,0.99094,0.94107,0.95281,0.73402,0.77994,0.44028,0.88398,0.000554679,0.000554679,0.000554679
236,400.871,0.57938,0.39843,0.80813,0.99137,0.93888,0.96807,0.72883,0.82505,0.45505,0.89384,0.000551584,0.000551584,0.000551584
237,402.536,0.60301,0.40811,0.80857,0.99538,0.9387,0.97199,0.74588,0.79584,0.44749,0.88621,0.000548486,0.000548486,0.000548486
238,404.194,0.57741,0.39913,0.82065,0.99516,0.93538,0.97236,0.74874,0.7713,0.44442,0.88219,0.000545387,0.000545387,0.000545387
239,405.882,0.5739,0.39966,0.82494,0.99274,0.9346,0.97227,0.73908,0.78767,0.45063,0.88795,0.000542287,0.000542287,0.000542287
240,407.503,0.56251,0.40844,0.8327,0.98778,0.93779,0.97095,0.73735,0.79009,0.44862,0.88842,0.000539185,0.000539185,0.000539185
241,409.112,0.58105,0.40455,0.8096,0.98868,0.93895,0.97039,0.744,0.77874,0.45182,0.88843,0.000536081,0.000536081,0.000536081
242,410.747,0.58223,0.39382,0.82409,0.99254,0.93947,0.97282,0.72516,0.81424,0.44613,0.89516,0.000532977,0.000532977,0.000532977
243,412.367,0.59019,0.40908,0.83105,0.99158,0.93947,0.9737,0.72129,0.84235,0.44494,0.90084,0.000529871,0.000529871,0.000529871
244,413.981,0.57213,0.39118,0.8167,0.99247,0.94121,0.97367,0.74243,0.78186,0.43841,0.88812,0.000526764,0.000526764,0.000526764
245,415.636,0.62309,0.41018,0.83372,0.99328,0.94229,0.97373,0.74641,0.77725,0.44323,0.88931,0.000523657,0.000523657,0.000523657
246,417.257,0.56422,0.40154,0.8046,0.99457,0.94229,0.97935,0.73489,0.8066,0.44527,0.8985,0.000520548,0.000520548,0.000520548
247,418.898,0.59767,0.40793,0.81846,0.99551,0.94229,0.97805,0.73818,0.8193,0.4484,0.90168,0.000517439,0.000517439,0.000517439
248,420.493,0.59366,0.40128,0.81682,0.99716,0.94406,0.97446,0.75169,0.7827,0.44796,0.89058,0.00051433,0.00051433,0.00051433
249,422.082,0.60025,0.40259,0.81806,0.99729,0.94227,0.97413,0.75214,0.79202,0.45479,0.89058,0.00051122,0.00051122,0.00051122
250,423.693,0.6091,0.4158,0.82439,0.99158,0.94321,0.97424,0.74676,0.78979,0.45044,0.88878,0.00050811,0.00050811,0.00050811
251,425.277,0.61427,0.42113,0.82008,0.98916,0.94277,0.97482,0.74,0.8393,0.45238,0.89862,0.000505,0.000505,0.000505
252,426.855,0.60551,0.39817,0.82301,0.98942,0.94229,0.97336,0.73902,0.8068,0.45209,0.89278,0.00050189,0.00050189,0.00050189
253,428.45,0.60181,0.39643,0.81912,0.98762,0.94023,0.97167,0.74005,0.78802,0.44918,0.88904,0.00049878,0.00049878,0.00049878
254,430.1,0.57679,0.39619,0.82264,0.98975,0.93834,0.96852,0.74531,0.7882,0.44418,0.88725,0.00049567,0.00049567,0.00049567
255,431.767,0.55819,0.3783,0.82307,0.98652,0.9369,0.96845,0.73651,0.79985,0.44248,0.88903,0.000492561,0.000492561,0.000492561
256,433.517,0.59018,0.40203,0.81375,0.98301,0.9404,0.96534,0.74368,0.81485,0.44707,0.89227,0.000489452,0.000489452,0.000489452
257,435.267,0.56564,0.39145,0.81241,0.99145,0.94143,0.9528,0.73502,0.80306,0.44151,0.89094,0.000486343,0.000486343,0.000486343
258,436.955,0.60978,0.40662,0.81725,0.99136,0.94229,0.95444,0.721,0.82433,0.44914,0.89846,0.000483236,0.000483236,0.000483236
259,438.645,0.57723,0.39413,0.81132,0.99072,0.93946,0.95461,0.72116,0.84786,0.45592,0.90168,0.000480129,0.000480129,0.000480129
260,440.329,0.56378,0.40021,0.81642,0.99459,0.94149,0.9548,0.7247,0.80842,0.44385,0.89046,0.000477023,0.000477023,0.000477023
261,441.997,0.60203,0.40255,0.8298,0.98875,0.9402,0.95296,0.72844,0.80309,0.4435,0.88897,0.000473919,0.000473919,0.000473919
262,443.672,0.54217,0.38219,0.81744,0.99372,0.93956,0.95361,0.72946,0.8066,0.445,0.89106,0.000470815,0.000470815,0.000470815
263,445.343,0.56097,0.39027,0.81514,0.99368,0.93989,0.95302,0.72321,0.8351,0.45062,0.89887,0.000467713,0.000467713,0.000467713
264,446.999,0.58123,0.39641,0.81634,0.99693,0.93905,0.9527,0.73124,0.79865,0.44181,0.89127,0.000464613,0.000464613,0.000464613
265,448.708,0.58972,0.38852,0.82736,0.99674,0.93929,0.9528,0.73363,0.79569,0.44202,0.88957,0.000461514,0.000461514,0.000461514
266,450.378,0.58572,0.39022,0.8217,0.99436,0.93947,0.95277,0.73911,0.80217,0.44048,0.88672,0.000458416,0.000458416,0.000458416
267,452.065,0.56608,0.38937,0.8211,0.99111,0.93947,0.96466,0.73726,0.81283,0.43969,0.88945,0.000455321,0.000455321,0.000455321
268,453.711,0.57757,0.38987,0.8146,0.99532,0.93841,0.96927,0.73527,0.82231,0.4448,0.89358,0.000452227,0.000452227,0.000452227
269,455.331,0.61681,0.41012,0.81576,0.99534,0.93879,0.96897,0.73802,0.81415,0.44301,0.89364,0.000449136,0.000449136,0.000449136
270,456.967,0.58006,0.40096,0.80912,0.98934,0.94017,0.96858,0.73389,0.81788,0.44621,0.89589,0.000446047,0.000446047,0.000446047
271,458.638,0.57104,0.38557,0.81781,0.98978,0.94085,0.96951,0.73036,0.81672,0.44609,0.89609,0.00044296,0.00044296,0.00044296
272,460.332,0.55414,0.39746,0.81403,0.99277,0.9412,0.97122,0.73258,0.80629,0.44611,0.89295,0.000439876,0.000439876,0.000439876
273,461.947,0.57054,0.38768,0.81723,0.9884,0.94208,0.97375,0.72812,0.81554,0.44916,0.89359,0.000436794,0.000436794,0.000436794
274,463.564,0.57207,0.39518,0.82744,0.9877,0.94046,0.97658,0.72382,0.8482,0.45204,0.90126,0.000433715,0.000433715,0.000433715
275,465.212,0.57924,0.39866,0.82004,0.98861,0.9398,0.97591,0.72969,0.83629,0.45158,0.89759,0.000430638,0.000430638,0.000430638
276,466.867,0.58059,0.4051,0.81208,0.99381,0.93664,0.97456,0.72503,0.80032,0.43905,0.88989,0.000427565,0.000427565,0.000427565
277,468.513,0.56464,0.391,0.81487,0.99278,0.93664,0.97563,0.72898,0.79979,0.43645,0.88958,0.000424495,0.000424495,0.000424495
278,470.143,0.55844,0.38806,0.81888,0.9881,0.93926,0.9755,0.73823,0.78505,0.43823,0.88683,0.000421427,0.000421427,0.000421427
279,471.856,0.54398,0.38061,0.81502,0.98787,0.93992,0.97707,0.73446,0.78808,0.43634,0.88762,0.000418364,0.000418364,0.000418364
280,473.554,0.53845,0.3891,0.81805,0.98698,0.94363,0.97766,0.73127,0.79722,0.44321,0.89007,0.000415303,0.000415303,0.000415303
281,475.232,0.52119,0.37111,0.81665,0.98737,0.94095,0.97751,0.73128,0.81066,0.45404,0.8917,0.000412246,0.000412246,0.000412246
282,476.874,0.55444,0.38028,0.79797,0.98537,0.93947,0.97178,0.73659,0.80837,0.45372,0.89111,0.000409193,0.000409193,0.000409193
283,478.549,0.53596,0.37538,0.81776,0.98531,0.93947,0.97234,0.73531,0.79442,0.45127,0.88963,0.000406144,0.000406144,0.000406144
284,480.224,0.52922,0.3786,0.82053,0.98952,0.93947,0.97113,0.72703,0.80042,0.45349,0.8911,0.000403098,0.000403098,0.000403098
285,481.895,0.54984,0.37579,0.8222,0.98972,0.93983,0.97133,0.72717,0.80163,0.45393,0.89076,0.000400056,0.000400056,0.000400056
286,483.568,0.53115,0.37268,0.81265,0.9904,0.93729,0.97033,0.72944,0.78874,0.4533,0.88354,0.000397019,0.000397019,0.000397019
287,485.221,0.53942,0.38202,0.79835,0.99011,0.93791,0.97097,0.73653,0.78646,0.45694,0.88261,0.000393986,0.000393986,0.000393986
288,486.927,0.55133,0.37636,0.80913,0.98927,0.9394,0.97413,0.74392,0.79201,0.45373,0.88461,0.000390957,0.000390957,0.000390957
289,488.655,0.56837,0.38369,0.81546,0.98998,0.93955,0.97402,0.74374,0.78282,0.45045,0.88368,0.000387933,0.000387933,0.000387933
290,490.377,0.54915,0.3753,0.80749,0.99143,0.93965,0.97234,0.74768,0.77006,0.44303,0.88399,0.000384913,0.000384913,0.000384913
291,492.025,0.55467,0.37164,0.81313,0.99156,0.93971,0.97246,0.74713,0.77741,0.43945,0.88461,0.000381899,0.000381899,0.000381899
292,493.679,0.57769,0.40341,0.8189,0.99154,0.93686,0.97196,0.73624,0.81191,0.44607,0.89311,0.000378888,0.000378888,0.000378888
293,495.369,0.54936,0.38356,0.81504,0.99548,0.93932,0.97203,0.74155,0.79513,0.4416,0.88924,0.000375883,0.000375883,0.000375883
294,496.987,0.53563,0.38268,0.81806,0.99475,0.9399,0.97203,0.73597,0.80211,0.43773,0.88935,0.000372884,0.000372884,0.000372884
295,498.677,0.56134,0.388,0.80921,0.99319,0.94229,0.96982,0.73386,0.82748,0.43814,0.89778,0.000369889,0.000369889,0.000369889
296,500.348,0.51595,0.36493,0.8042,0.99474,0.93991,0.96777,0.73781,0.82149,0.44145,0.89733,0.000366899,0.000366899,0.000366899
297,502.015,0.53183,0.37084,0.81487,0.99585,0.93947,0.96766,0.73939,0.78058,0.43441,0.88871,0.000363915,0.000363915,0.000363915
298,503.677,0.52666,0.36791,0.80901,0.99327,0.93948,0.96502,0.74027,0.76455,0.43028,0.8854,0.000360937,0.000360937,0.000360937
299,505.366,0.52506,0.37096,0.81295,0.99521,0.93947,0.96505,0.74206,0.77608,0.43161,0.88648,0.000357964,0.000357964,0.000357964
300,507.108,0.51803,0.36162,0.80777,0.99297,0.93744,0.95405,0.73528,0.79451,0.43668,0.88924,0.000354998,0.000354998,0.000354998
301,508.797,0.52588,0.36548,0.8062,0.99112,0.93701,0.954,0.73229,0.79686,0.44393,0.88958,0.000352037,0.000352037,0.000352037
302,510.495,0.53342,0.37024,0.81015,0.98826,0.93625,0.95339,0.73704,0.80804,0.44813,0.89333,0.000349082,0.000349082,0.000349082
303,512.203,0.53749,0.37277,0.80654,0.98815,0.93633,0.95356,0.74257,0.7967,0.44998,0.89082,0.000346133,0.000346133,0.000346133
304,513.877,0.51165,0.35625,0.80902,0.98739,0.93554,0.95338,0.74114,0.79047,0.45196,0.88916,0.00034319,0.00034319,0.00034319
305,515.577,0.53447,0.37853,0.80662,0.98893,0.93482,0.95343,0.73483,0.80601,0.45395,0.89343,0.000340254,0.000340254,0.000340254
306,517.321,0.544,0.37155,0.80733,0.98712,0.9357,0.95358,0.72763,0.80076,0.44803,0.89078,0.000337325,0.000337325,0.000337325
307,519.034,0.55059,0.37751,0.82077,0.99017,0.93841,0.95349,0.72803,0.78342,0.44349,0.88677,0.000334402,0.000334402,0.000334402
308,520.686,0.53772,0.3699,0.81275,0.99491,0.93898,0.95322,0.73868,0.78019,0.44989,0.88585,0.000331486,0.000331486,0.000331486
309,522.392,0.51735,0.3566,0.80868,0.99338,0.93836,0.95301,0.73679,0.78835,0.45116,0.88854,0.000328576,0.000328576,0.000328576
310,524.033,0.53847,0.37178,0.80844,0.99216,0.9377,0.95279,0.73628,0.80047,0.44964,0.89084,0.000325674,0.000325674,0.000325674
311,525.679,0.54001,0.36385,0.81096,0.98673,0.93894,0.95096,0.73834,0.78123,0.44801,0.88587,0.000322778,0.000322778,0.000322778
312,527.378,0.53426,0.3671,0.8152,0.98775,0.93703,0.95112,0.74203,0.78819,0.44931,0.88637,0.00031989,0.00031989,0.00031989
313,529.123,0.50836,0.35772,0.80315,0.98953,0.93621,0.95397,0.74133,0.7965,0.44125,0.8871,0.000317009,0.000317009,0.000317009
314,530.777,0.5217,0.364,0.80316,0.99154,0.93797,0.96618,0.7534,0.78239,0.4405,0.88374,0.000314136,0.000314136,0.000314136
315,532.476,0.50667,0.35565,0.80707,0.99157,0.93878,0.96474,0.74768,0.77381,0.43658,0.88263,0.00031127,0.00031127,0.00031127
316,534.135,0.55239,0.36374,0.81606,0.98961,0.93949,0.97008,0.73212,0.78098,0.4397,0.88532,0.000308412,0.000308412,0.000308412
317,535.805,0.50672,0.36368,0.81678,0.98908,0.94029,0.97184,0.73844,0.78168,0.43887,0.88512,0.000305561,0.000305561,0.000305561
318,537.49,0.55001,0.37022,0.81127,0.983,0.93896,0.9705,0.74028,0.77304,0.4395,0.88574,0.000302719,0.000302719,0.000302719
319,539.152,0.51685,0.36922,0.81334,0.98493,0.93676,0.96847,0.73834,0.76856,0.44028,0.88512,0.000299884,0.000299884,0.000299884
320,540.809,0.51637,0.36756,0.80737,0.98793,0.94229,0.96841,0.73065,0.7972,0.4367,0.89185,0.000297058,0.000297058,0.000297058
321,542.443,0.50393,0.35823,0.81048,0.98859,0.94139,0.97243,0.72884,0.80142,0.43628,0.89451,0.000294239,0.000294239,0.000294239
322,544.1,0.53512,0.36901,0.81372,0.98825,0.93664,0.97627,0.73016,0.80076,0.44066,0.89596,0.000291429,0.000291429,0.000291429
323,545.782,0.51816,0.36344,0.81083,0.9896,0.93664,0.97636,0.737,0.78138,0.43401,0.89146,0.000288628,0.000288628,0.000288628
324,547.46,0.51985,0.36526,0.79964,0.9913,0.93664,0.97324,0.73922,0.76944,0.42974,0.8854,0.000285835,0.000285835,0.000285835
325,549.119,0.49709,0.34801,0.80961,0.99193,0.93739,0.97557,0.74237,0.77992,0.43173,0.88774,0.00028305,0.00028305,0.00028305
326,550.78,0.51967,0.36624,0.82096,0.99114,0.93664,0.97322,0.74417,0.77712,0.42731,0.88779,0.000280275,0.000280275,0.000280275
327,552.441,0.51923,0.36715,0.79748,0.99121,0.93702,0.97319,0.74415,0.76905,0.42795,0.8869,0.000277508,0.000277508,0.000277508
328,554.128,0.52471,0.3648,0.79976,0.99088,0.93685,0.97331,0.74153,0.76989,0.42984,0.88911,0.00027475,0.00027475,0.00027475
329,555.791,0.52023,0.36746,0.81373,0.99058,0.93664,0.97359,0.74444,0.77662,0.43134,0.88898,0.000272002,0.000272002,0.000272002
330,557.46,0.53685,0.36663,0.81201,0.99278,0.93664,0.97357,0.75617,0.78716,0.4336,0.88873,0.000269262,0.000269262,0.000269262
331,559.123,0.5112,0.35664,0.81694,0.9929,0.93646,0.97359,0.75393,0.78345,0.43131,0.88674,0.000266532,0.000266532,0.000266532
332,560.857,0.52055,0.36004,0.79985,0.9902,0.93664,0.97361,0.74989,0.75826,0.42385,0.88236,0.000263811,0.000263811,0.000263811
333,562.545,0.50321,0.36037,0.80874,0.98997,0.93664,0.97358,0.74319,0.75762,0.42434,0.88235,0.0002611,0.0002611,0.0002611
334,564.21,0.52251,0.36359,0.81271,0.99042,0.93651,0.97336,0.74702,0.76244,0.42398,0.88431,0.000258398,0.000258398,0.000258398
335,565.865,0.52017,0.35883,0.80348,0.98975,0.93632,0.97337,0.74895,0.77576,0.42661,0.88704,0.000255707,0.000255707,0.000255707
336,567.567,0.49332,0.35093,0.80299,0.98726,0.93732,0.9707,0.74433,0.79727,0.43432,0.89288,0.000253024,0.000253024,0.000253024
337,569.223,0.51851,0.35038,0.80897,0.98633,0.9378,0.97249,0.7435,0.81074,0.43793,0.89562,0.000250352,0.000250352,0.000250352
338,570.837,0.50013,0.35908,0.81327,0.98807,0.93661,0.97611,0.7434,0.8145,0.4416,0.89692,0.00024769,0.00024769,0.00024769
339,572.518,0.54186,0.36647,0.81836,0.98964,0.93327,0.97615,0.73505,0.82584,0.44187,0.89957,0.000245039,0.000245039,0.000245039
340,574.182,0.52336,0.3748,0.80061,0.99028,0.93531,0.976,0.73519,0.82756,0.43467,0.90081,0.000242397,0.000242397,0.000242397
341,575.874,0.51828,0.36089,0.8023,0.98681,0.9375,0.97604,0.73367,0.80721,0.4274,0.89497,0.000239766,0.000239766,0.000239766
342,577.546,0.50348,0.35114,0.7951,0.99006,0.9387,0.97436,0.74256,0.78318,0.42249,0.88928,0.000237145,0.000237145,0.000237145
343,579.253,0.5182,0.35626,0.81445,0.99068,0.93841,0.97439,0.7361,0.79016,0.42587,0.89148,0.000234535,0.000234535,0.000234535
344,580.913,0.52565,0.36328,0.81719,0.99087,0.93827,0.97425,0.73553,0.81215,0.4306,0.89646,0.000231935,0.000231935,0.000231935
345,582.565,0.51692,0.35891,0.80477,0.99022,0.93858,0.97412,0.73531,0.80526,0.42978,0.89508,0.000229347,0.000229347,0.000229347
346,584.229,0.49691,0.34835,0.79921,0.98916,0.93945,0.97332,0.73796,0.78818,0.4244,0.89126,0.000226769,0.000226769,0.000226769
347,585.859,0.48357,0.34524,0.79679,0.96511,0.94512,0.97281,0.74619,0.77615,0.4194,0.88781,0.000224202,0.000224202,0.000224202
348,587.52,0.49806,0.34968,0.79982,0.98746,0.92234,0.97287,0.74109,0.78164,0.41984,0.88894,0.000221646,0.000221646,0.000221646
349,589.177,0.52654,0.35697,0.80425,0.98688,0.92243,0.97301,0.73641,0.79734,0.42785,0.89228,0.000219102,0.000219102,0.000219102
350,590.886,0.4925,0.349,0.81287,0.98748,0.92219,0.97473,0.74492,0.7803,0.42454,0.8871,0.000216568,0.000216568,0.000216568
351,592.61,0.51985,0.35876,0.79703,0.98782,0.92189,0.97474,0.7484,0.76846,0.42587,0.88469,0.000214046,0.000214046,0.000214046
352,594.285,0.50038,0.34646,0.80457,0.98731,0.92273,0.97457,0.74204,0.77483,0.42656,0.887,0.000211536,0.000211536,0.000211536
353,595.94,0.48847,0.34108,0.80432,0.98873,0.9353,0.9726,0.73536,0.7952,0.42971,0.89161,0.000209037,0.000209037,0.000209037
354,597.678,0.51487,0.35894,0.80548,0.99046,0.94075,0.9703,0.72599,0.81739,0.4381,0.89685,0.00020655,0.00020655,0.00020655
355,599.371,0.52247,0.35589,0.81137,0.99133,0.94282,0.97021,0.73215,0.80334,0.43184,0.89278,0.000204075,0.000204075,0.000204075
356,600.998,0.52135,0.35109,0.80719,0.99038,0.94272,0.96912,0.74005,0.78372,0.42977,0.88865,0.000201611,0.000201611,0.000201611
357,602.692,0.4836,0.34467,0.79995,0.99078,0.94062,0.96994,0.74609,0.77879,0.42782,0.88669,0.000199159,0.000199159,0.000199159
358,604.349,0.47456,0.33947,0.7946,0.98984,0.94256,0.9685,0.74278,0.7765,0.4325,0.88652,0.00019672,0.00019672,0.00019672
359,606.034,0.50474,0.34997,0.80717,0.9901,0.94292,0.96853,0.7506,0.7671,0.43298,0.88285,0.000194293,0.000194293,0.000194293
360,607.713,0.47441,0.33834,0.80722,0.99099,0.94335,0.97332,0.75132,0.76033,0.43428,0.88085,0.000191878,0.000191878,0.000191878
361,609.393,0.47333,0.34129,0.80518,0.99037,0.94318,0.97334,0.7524,0.76093,0.42998,0.88118,0.000189475,0.000189475,0.000189475
362,611.037,0.47826,0.34357,0.81065,0.99218,0.94809,0.97624,0.74933,0.78106,0.43292,0.88463,0.000187085,0.000187085,0.000187085
363,612.681,0.47807,0.34519,0.79872,0.99269,0.94833,0.97636,0.74553,0.7806,0.43141,0.88407,0.000184707,0.000184707,0.000184707
364,614.355,0.46386,0.33346,0.81049,0.9969,0.94879,0.97543,0.75835,0.76941,0.42357,0.88252,0.000182342,0.000182342,0.000182342
365,616.039,0.51527,0.36345,0.81393,0.9969,0.94817,0.97556,0.75511,0.76548,0.42092,0.88285,0.00017999,0.00017999,0.00017999
366,617.699,0.47939,0.3463,0.80864,0.97155,0.95498,0.97525,0.75304,0.76925,0.41907,0.88662,0.000177651,0.000177651,0.000177651
367,619.422,0.47071,0.3353,0.79546,0.97081,0.95591,0.97534,0.74937,0.76735,0.41694,0.88825,0.000175324,0.000175324,0.000175324
368,621.103,0.48679,0.34517,0.8025,0.96923,0.9579,0.97525,0.74261,0.7648,0.41228,0.88786,0.000173011,0.000173011,0.000173011
369,622.821,0.47984,0.33891,0.81252,0.96742,0.95818,0.97693,0.75171,0.76978,0.41495,0.88905,0.00017071,0.00017071,0.00017071
370,624.545,0.47996,0.34372,0.81241,0.9638,0.95575,0.97654,0.74264,0.78304,0.41833,0.88912,0.000168423,0.000168423,0.000168423
371,626.224,0.49535,0.34975,0.8063,0.99185,0.92929,0.97641,0.7501,0.78531,0.41942,0.88825,0.000166149,0.000166149,0.000166149
372,627.909,0.46513,0.33228,0.81484,0.99128,0.92642,0.97313,0.74821,0.79117,0.42308,0.88981,0.000163889,0.000163889,0.000163889
373,629.58,0.47594,0.33772,0.80763,0.99249,0.93017,0.97225,0.74625,0.78497,0.42312,0.88882,0.000161642,0.000161642,0.000161642
374,631.242,0.48173,0.3364,0.80333,0.9862,0.93825,0.97011,0.74818,0.78455,0.42372,0.89052,0.000159408,0.000159408,0.000159408
375,632.862,0.46432,0.33643,0.81385,0.98571,0.94257,0.97108,0.75044,0.79163,0.42332,0.89189,0.000157188,0.000157188,0.000157188
376,634.56,0.47641,0.34334,0.80285,0.99037,0.94229,0.97106,0.75455,0.78933,0.42688,0.89068,0.000154982,0.000154982,0.000154982
377,636.238,0.4586,0.32764,0.80394,0.99016,0.94229,0.97115,0.75138,0.77944,0.42141,0.88819,0.00015279,0.00015279,0.00015279
378,637.882,0.49338,0.3461,0.80554,0.99175,0.93741,0.97136,0.74931,0.77957,0.41656,0.88687,0.000150611,0.000150611,0.000150611
379,639.553,0.50478,0.35284,0.80993,0.99126,0.93676,0.97139,0.74584,0.77856,0.41864,0.88582,0.000148447,0.000148447,0.000148447
380,641.321,0.48665,0.347,0.79273,0.99139,0.93664,0.97257,0.74554,0.77816,0.41622,0.88548,0.000146297,0.000146297,0.000146297
381,643.006,0.46823,0.33695,0.79551,0.99092,0.93664,0.97379,0.74843,0.7771,0.41858,0.88554,0.000144161,0.000144161,0.000144161
382,644.715,0.48019,0.34036,0.80093,0.99132,0.93821,0.97515,0.74789,0.77425,0.41945,0.88594,0.000142039,0.000142039,0.000142039
383,646.372,0.46401,0.3353,0.8025,0.99092,0.93842,0.97522,0.74521,0.77605,0.42135,0.88734,0.000139931,0.000139931,0.000139931
384,647.992,0.46368,0.33363,0.79642,0.98878,0.93664,0.97357,0.74658,0.77332,0.41576,0.88759,0.000137838,0.000137838,0.000137838
385,649.654,0.45979,0.33219,0.80388,0.98848,0.93664,0.97368,0.74491,0.7714,0.4156,0.88631,0.000135759,0.000135759,0.000135759
386,651.326,0.47285,0.34011,0.80681,0.98984,0.93664,0.97353,0.752,0.7695,0.41783,0.88358,0.000133695,0.000133695,0.000133695
387,653.004,0.47929,0.3341,0.80224,0.98953,0.93664,0.97349,0.7512,0.77429,0.4178,0.88401,0.000131646,0.000131646,0.000131646
388,654.677,0.49077,0.34677,0.80516,0.98981,0.93664,0.9728,0.74682,0.77911,0.42206,0.88574,0.000129611,0.000129611,0.000129611
389,656.377,0.45351,0.32607,0.79992,0.98875,0.93664,0.97273,0.74398,0.77387,0.42048,0.88477,0.000127591,0.000127591,0.000127591
390,658.07,0.47578,0.33721,0.80434,0.98785,0.93695,0.97139,0.7439,0.76819,0.4233,0.88486,0.000125586,0.000125586,0.000125586
391,659.737,0.47998,0.34143,0.8091,0.98652,0.93774,0.97242,0.74275,0.77165,0.4236,0.88627,0.000123596,0.000123596,0.000123596
392,661.394,0.46223,0.3302,0.80495,0.98766,0.93802,0.97277,0.74465,0.77402,0.42589,0.88737,0.000121621,0.000121621,0.000121621
393,663.028,0.46965,0.33302,0.80919,0.98931,0.94631,0.97434,0.74745,0.77149,0.4242,0.88614,0.000119661,0.000119661,0.000119661
394,664.675,0.46598,0.33338,0.80184,0.98968,0.94617,0.97425,0.74416,0.76901,0.42374,0.88567,0.000117717,0.000117717,0.000117717
395,666.354,0.49764,0.3486,0.80357,0.98975,0.9462,0.97659,0.7441,0.77968,0.42752,0.888,0.000115787,0.000115787,0.000115787
396,668.021,0.47149,0.3347,0.80377,0.98952,0.94607,0.97652,0.73911,0.79557,0.43666,0.89093,0.000113873,0.000113873,0.000113873
397,669.63,0.45137,0.33351,0.80098,0.98908,0.94602,0.97659,0.7424,0.78978,0.43456,0.89013,0.000111975,0.000111975,0.000111975
398,671.307,0.47447,0.33492,0.81082,0.98858,0.94636,0.97618,0.74958,0.77283,0.42765,0.88765,0.000110092,0.000110092,0.000110092
399,672.983,0.46745,0.33875,0.80858,0.98842,0.94669,0.97637,0.74892,0.77197,0.429,0.88827,0.000108224,0.000108224,0.000108224
400,674.658,0.46359,0.3308,0.79826,0.98894,0.94707,0.97646,0.7481,0.76864,0.42178,0.88725,0.000106373,0.000106373,0.000106373
401,676.329,0.48378,0.34264,0.79272,0.98908,0.94721,0.97656,0.7426,0.76868,0.41915,0.8884,0.000104537,0.000104537,0.000104537
402,677.996,0.47062,0.34265,0.79128,0.98938,0.94731,0.97683,0.74212,0.77162,0.41218,0.88641,0.000102716,0.000102716,0.000102716
403,679.651,0.49054,0.34736,0.8078,0.98998,0.94723,0.97682,0.7362,0.77729,0.41218,0.88759,0.000100912,0.000100912,0.000100912
404,681.356,0.47552,0.33956,0.80226,0.99064,0.94718,0.97685,0.73962,0.78629,0.41757,0.8888,9.91237e-05,9.91237e-05,9.91237e-05
405,683.049,0.49513,0.3428,0.80196,0.99125,0.94708,0.9753,0.7386,0.78393,0.41358,0.88798,9.73514e-05,9.73514e-05,9.73514e-05
406,684.708,0.47296,0.3293,0.80852,0.99131,0.94699,0.97528,0.74639,0.77765,0.42009,0.88503,9.55951e-05,9.55951e-05,9.55951e-05
407,686.381,0.46407,0.33295,0.80704,0.99036,0.9473,0.97746,0.74394,0.77261,0.41793,0.88484,9.3855e-05,9.3855e-05,9.3855e-05
408,688.042,0.46549,0.33681,0.80162,0.9922,0.94672,0.97736,0.74114,0.76833,0.41797,0.88381,9.21312e-05,9.21312e-05,9.21312e-05
409,689.736,0.4623,0.33363,0.79423,0.9927,0.94669,0.97737,0.73813,0.77051,0.41824,0.88545,9.04236e-05,9.04236e-05,9.04236e-05
410,691.409,0.47691,0.33144,0.81022,0.99331,0.94671,0.97737,0.74383,0.76817,0.4154,0.88471,8.87324e-05,8.87324e-05,8.87324e-05
411,693.085,0.47123,0.34325,0.79759,0.99345,0.94666,0.97742,0.74635,0.76269,0.41423,0.88327,8.70577e-05,8.70577e-05,8.70577e-05
412,694.764,0.4609,0.32888,0.78796,0.99285,0.94677,0.97739,0.75065,0.75942,0.41145,0.88093,8.53994e-05,8.53994e-05,8.53994e-05
413,696.433,0.48529,0.345,0.8083,0.99307,0.9465,0.97742,0.7505,0.76269,0.41038,0.88155,8.37577e-05,8.37577e-05,8.37577e-05
414,698.156,0.45317,0.3339,0.79761,0.99142,0.94666,0.97752,0.75104,0.77063,0.41474,0.88435,8.21327e-05,8.21327e-05,8.21327e-05
415,699.838,0.47722,0.33263,0.804,0.99145,0.941,0.97598,0.74709,0.77723,0.41558,0.88623,8.05243e-05,8.05243e-05,8.05243e-05
416,701.563,0.46661,0.33845,0.78929,0.99061,0.93896,0.97596,0.74591,0.78499,0.41624,0.88815,7.89327e-05,7.89327e-05,7.89327e-05
417,703.196,0.48274,0.34508,0.80448,0.99054,0.93884,0.97594,0.74637,0.78723,0.41737,0.88856,7.73579e-05,7.73579e-05,7.73579e-05
418,704.891,0.48538,0.33443,0.8039,0.98997,0.93807,0.97597,0.7477,0.78062,0.41473,0.88749,7.58e-05,7.58e-05,7.58e-05
419,706.54,0.44325,0.31947,0.79366,0.98948,0.93815,0.97596,0.74832,0.77798,0.41531,0.88753,7.4259e-05,7.4259e-05,7.4259e-05
420,708.268,0.45671,0.3281,0.80173,0.98865,0.93788,0.97383,0.74796,0.77886,0.4145,0.88802,7.27351e-05,7.27351e-05,7.27351e-05
421,709.921,0.44887,0.32115,0.79981,0.98837,0.9377,0.97388,0.74745,0.78164,0.41367,0.88882,7.12282e-05,7.12282e-05,7.12282e-05
422,711.611,0.45626,0.34583,0.81279,0.98829,0.93773,0.97395,0.75223,0.77622,0.41181,0.88729,6.97384e-05,6.97384e-05,6.97384e-05
423,713.31,0.44492,0.32732,0.79817,0.98835,0.93768,0.97404,0.75326,0.77223,0.41197,0.88585,6.82658e-05,6.82658e-05,6.82658e-05
424,714.953,0.47177,0.33385,0.79279,0.98846,0.93779,0.97613,0.7563,0.76589,0.40904,0.88412,6.68105e-05,6.68105e-05,6.68105e-05
425,716.623,0.45169,0.32279,0.79334,0.98818,0.93784,0.97622,0.75405,0.7668,0.41146,0.88407,6.53725e-05,6.53725e-05,6.53725e-05
426,718.269,0.46028,0.32654,0.80955,0.98882,0.93727,0.97617,0.75303,0.76763,0.40997,0.88467,6.39518e-05,6.39518e-05,6.39518e-05
427,719.924,0.46976,0.33147,0.80674,0.98829,0.93733,0.9762,0.75296,0.76818,0.41287,0.88436,6.25485e-05,6.25485e-05,6.25485e-05
428,721.637,0.44839,0.33108,0.80328,0.98806,0.93741,0.97637,0.75721,0.7599,0.40736,0.88186,6.11627e-05,6.11627e-05,6.11627e-05
429,723.297,0.46551,0.33059,0.80832,0.98811,0.93744,0.97641,0.75801,0.75839,0.40788,0.8827,5.97944e-05,5.97944e-05,5.97944e-05
430,724.977,0.45851,0.32516,0.79912,0.98831,0.93721,0.97642,0.7554,0.7625,0.40987,0.88309,5.84437e-05,5.84437e-05,5.84437e-05
431,726.648,0.46222,0.33079,0.80306,0.98843,0.93716,0.97644,0.75111,0.76755,0.40771,0.88514,5.71106e-05,5.71106e-05,5.71106e-05
432,728.309,0.4386,0.3313,0.80138,0.98963,0.937,0.97647,0.74977,0.77512,0.41023,0.88686,5.57952e-05,5.57952e-05,5.57952e-05
433,729.999,0.45973,0.32568,0.79506,0.98998,0.93721,0.97648,0.7501,0.77027,0.40895,0.88542,5.44975e-05,5.44975e-05,5.44975e-05
434,731.671,0.43652,0.32588,0.79959,0.9889,0.93841,0.97637,0.75112,0.76186,0.41037,0.88365,5.32177e-05,5.32177e-05,5.32177e-05
435,733.353,0.46447,0.32982,0.80818,0.9898,0.93847,0.97633,0.75519,0.7603,0.41035,0.88372,5.19556e-05,5.19556e-05,5.19556e-05
436,735.013,0.4513,0.32187,0.79782,0.98906,0.93829,0.97496,0.75664,0.76112,0.40709,0.88347,5.07115e-05,5.07115e-05,5.07115e-05
437,736.658,0.44334,0.31762,0.80134,0.98944,0.93821,0.97494,0.75577,0.76386,0.40767,0.88383,4.94852e-05,4.94852e-05,4.94852e-05
438,738.358,0.46106,0.32868,0.80223,0.98906,0.93802,0.97498,0.75495,0.77386,0.4072,0.88589,4.8277e-05,4.8277e-05,4.8277e-05
439,739.996,0.45516,0.33135,0.80022,0.98932,0.93795,0.97376,0.75226,0.77499,0.40694,0.88609,4.70868e-05,4.70868e-05,4.70868e-05
440,741.69,0.46125,0.33273,0.79842,0.99002,0.93865,0.97068,0.7523,0.77006,0.40882,0.88447,4.59146e-05,4.59146e-05,4.59146e-05
441,743.359,0.47876,0.33175,0.80312,0.99036,0.94018,0.96996,0.75479,0.76536,0.40776,0.88312,4.47606e-05,4.47606e-05,4.47606e-05
442,745.078,0.44229,0.32224,0.79259,0.99048,0.94159,0.96923,0.7551,0.76294,0.41017,0.88222,4.36248e-05,4.36248e-05,4.36248e-05
443,746.728,0.45209,0.32497,0.79822,0.99067,0.94229,0.96792,0.75151,0.7649,0.41069,0.88306,4.25072e-05,4.25072e-05,4.25072e-05
444,748.383,0.46441,0.32842,0.79447,0.99053,0.94229,0.96734,0.75224,0.77258,0.41227,0.88487,4.14078e-05,4.14078e-05,4.14078e-05
445,750.141,0.46134,0.33382,0.81335,0.9902,0.94229,0.96728,0.75131,0.77863,0.41455,0.88652,4.03267e-05,4.03267e-05,4.03267e-05
446,751.795,0.45867,0.32318,0.79537,0.98961,0.94229,0.96781,0.74756,0.77993,0.41637,0.88715,3.9264e-05,3.9264e-05,3.9264e-05
447,753.429,0.4595,0.32435,0.80843,0.98971,0.94229,0.96774,0.75005,0.77678,0.41414,0.8865,3.82197e-05,3.82197e-05,3.82197e-05
448,755.099,0.47621,0.33246,0.79549,0.98967,0.94229,0.96772,0.74777,0.76859,0.41332,0.88409,3.71938e-05,3.71938e-05,3.71938e-05
449,756.746,0.44671,0.32461,0.79657,0.98963,0.94229,0.96775,0.74681,0.76712,0.41449,0.88344,3.61863e-05,3.61863e-05,3.61863e-05
450,758.391,0.4596,0.33003,0.79293,0.98963,0.94229,0.96772,0.74678,0.76427,0.41491,0.88316,3.51974e-05,3.51974e-05,3.51974e-05
451,760.072,0.44885,0.32423,0.79027,0.98944,0.94229,0.96777,0.748,0.76739,0.41156,0.88401,3.4227e-05,3.4227e-05,3.4227e-05
452,761.851,0.44804,0.32732,0.80694,0.98981,0.94229,0.96777,0.74751,0.77308,0.41588,0.88536,3.32752e-05,3.32752e-05,3.32752e-05
453,763.563,0.46853,0.33716,0.8017,0.98997,0.94229,0.96773,0.7447,0.77413,0.41567,0.88563,3.23421e-05,3.23421e-05,3.23421e-05
454,765.225,0.47394,0.33818,0.79356,0.98997,0.94229,0.96766,0.74403,0.77357,0.41457,0.88514,3.14275e-05,3.14275e-05,3.14275e-05
455,766.929,0.45401,0.3261,0.79644,0.98969,0.94229,0.96835,0.74475,0.77299,0.41297,0.88489,3.05317e-05,3.05317e-05,3.05317e-05
456,768.619,0.44893,0.32344,0.79399,0.98981,0.9391,0.96768,0.74816,0.77274,0.4103,0.88403,2.96546e-05,2.96546e-05,2.96546e-05
457,770.345,0.46293,0.33449,0.79697,0.98951,0.93872,0.96774,0.74502,0.76952,0.4102,0.88393,2.87963e-05,2.87963e-05,2.87963e-05
458,772.024,0.46031,0.32844,0.79873,0.98868,0.93871,0.96787,0.74807,0.77268,0.41237,0.88481,2.79568e-05,2.79568e-05,2.79568e-05
459,773.699,0.44801,0.32158,0.80178,0.9884,0.93869,0.96848,0.74721,0.77458,0.41174,0.8858,2.71361e-05,2.71361e-05,2.71361e-05
460,775.391,0.45741,0.32649,0.78737,0.98803,0.93853,0.97001,0.75264,0.77275,0.41548,0.8851,2.63343e-05,2.63343e-05,2.63343e-05
461,777.06,0.44627,0.31845,0.79559,0.98817,0.93842,0.97086,0.74861,0.77203,0.41545,0.88471,2.55513e-05,2.55513e-05,2.55513e-05
462,778.739,0.45251,0.32487,0.79962,0.98745,0.93843,0.97089,0.7491,0.77215,0.417,0.88469,2.47873e-05,2.47873e-05,2.47873e-05
463,780.428,0.43765,0.32408,0.80604,0.98782,0.93829,0.97089,0.74867,0.77283,0.4147,0.8849,2.40423e-05,2.40423e-05,2.40423e-05
464,782.097,0.44488,0.32435,0.80533,0.98816,0.93813,0.97263,0.74957,0.77445,0.4132,0.88585,2.33162e-05,2.33162e-05,2.33162e-05
465,783.757,0.4583,0.33006,0.79401,0.98806,0.93805,0.97261,0.74928,0.77606,0.41431,0.88613,2.26092e-05,2.26092e-05,2.26092e-05
466,785.426,0.47852,0.33714,0.79951,0.98982,0.93696,0.97374,0.74832,0.77473,0.41302,0.88575,2.19212e-05,2.19212e-05,2.19212e-05
467,787.081,0.42836,0.30943,0.79198,0.9898,0.93712,0.97301,0.74868,0.7752,0.41256,0.8861,2.12523e-05,2.12523e-05,2.12523e-05
468,788.789,0.4426,0.31865,0.80293,0.98866,0.93787,0.97298,0.74862,0.77374,0.41187,0.88574,2.06025e-05,2.06025e-05,2.06025e-05
469,790.459,0.44773,0.32175,0.79993,0.98874,0.93817,0.97363,0.75131,0.77297,0.41102,0.88563,1.99717e-05,1.99717e-05,1.99717e-05
470,792.148,0.46576,0.33573,0.80344,0.98889,0.93837,0.97261,0.74939,0.77101,0.411,0.88455,1.93602e-05,1.93602e-05,1.93602e-05
471,793.782,0.44182,0.31505,0.79398,0.9889,0.93827,0.97194,0.74948,0.77023,0.41244,0.88431,1.87678e-05,1.87678e-05,1.87678e-05
472,795.474,0.46107,0.3276,0.80367,0.98871,0.93817,0.97305,0.75054,0.76927,0.41168,0.88416,1.81946e-05,1.81946e-05,1.81946e-05
473,797.27,0.45188,0.32083,0.80023,0.98873,0.93823,0.97367,0.75037,0.76869,0.412,0.88409,1.76407e-05,1.76407e-05,1.76407e-05
474,798.952,0.49335,0.34474,0.7965,0.98839,0.93806,0.97309,0.75002,0.77077,0.41145,0.88508,1.71059e-05,1.71059e-05,1.71059e-05
475,800.61,0.43114,0.31653,0.79854,0.98832,0.93814,0.9731,0.74726,0.77072,0.41298,0.88503,1.65905e-05,1.65905e-05,1.65905e-05
476,802.252,0.43964,0.32065,0.79932,0.98883,0.9386,0.97307,0.75054,0.76881,0.41314,0.88458,1.60943e-05,1.60943e-05,1.60943e-05
477,803.862,0.44132,0.32074,0.81132,0.98893,0.93873,0.97315,0.75061,0.7689,0.41128,0.88454,1.56174e-05,1.56174e-05,1.56174e-05
478,805.488,0.42038,0.30982,0.79029,0.98925,0.9389,0.97311,0.74784,0.76946,0.41114,0.88476,1.51598e-05,1.51598e-05,1.51598e-05
479,807.083,0.4406,0.32498,0.80462,0.98903,0.93889,0.97111,0.74768,0.76783,0.41063,0.88451,1.47216e-05,1.47216e-05,1.47216e-05
480,808.752,0.45454,0.32161,0.80597,0.98904,0.93866,0.97107,0.74901,0.76716,0.41124,0.88442,1.43027e-05,1.43027e-05,1.43027e-05
481,810.414,0.46301,0.32756,0.7941,0.9893,0.93869,0.97107,0.74955,0.76749,0.40993,0.88486,1.39032e-05,1.39032e-05,1.39032e-05
482,812.014,0.45612,0.32201,0.79413,0.98962,0.93871,0.97369,0.74858,0.76682,0.41099,0.88428,1.35231e-05,1.35231e-05,1.35231e-05
483,813.705,0.45692,0.32837,0.79231,0.98933,0.93882,0.9732,0.75107,0.76734,0.41464,0.88423,1.31624e-05,1.31624e-05,1.31624e-05
484,815.449,0.43964,0.31699,0.79736,0.98923,0.93866,0.97437,0.75092,0.76986,0.41503,0.88491,1.28211e-05,1.28211e-05,1.28211e-05
485,817.189,0.44888,0.32544,0.79602,0.98931,0.9388,0.97435,0.74918,0.76943,0.41378,0.88498,1.24992e-05,1.24992e-05,1.24992e-05
486,818.868,0.44632,0.31997,0.80604,0.98973,0.93882,0.97433,0.74912,0.77134,0.41456,0.88545,1.21968e-05,1.21968e-05,1.21968e-05
487,820.561,0.43632,0.31424,0.79806,0.98968,0.93878,0.97434,0.74808,0.77339,0.41506,0.88603,1.19139e-05,1.19139e-05,1.19139e-05
488,822.269,0.43726,0.31906,0.79957,0.98899,0.93862,0.97429,0.74788,0.77432,0.41573,0.88612,1.16504e-05,1.16504e-05,1.16504e-05
489,823.991,0.44839,0.31986,0.79663,0.98881,0.93848,0.97425,0.74811,0.77455,0.4154,0.88582,1.14063e-05,1.14063e-05,1.14063e-05
490,825.658,0.43963,0.32016,0.8101,0.98858,0.93828,0.97421,0.74793,0.77435,0.4151,0.88577,1.11818e-05,1.11818e-05,1.11818e-05
491,827.277,0.48966,0.34832,0.81491,0.9883,0.93753,0.97417,0.74776,0.77648,0.41534,0.88654,1.09768e-05,1.09768e-05,1.09768e-05
492,828.814,0.51656,0.35587,0.80962,0.98193,0.93846,0.97385,0.75237,0.78047,0.42155,0.886,1.07912e-05,1.07912e-05,1.07912e-05
493,830.367,0.45077,0.32509,0.80642,0.97965,0.93986,0.97359,0.75283,0.78633,0.42484,0.88774,1.06252e-05,1.06252e-05,1.06252e-05
494,831.896,0.50897,0.36807,0.79865,0.97328,0.94142,0.97422,0.74975,0.79417,0.43251,0.88872,1.04787e-05,1.04787e-05,1.04787e-05
495,833.392,0.47377,0.33606,0.81336,0.97417,0.93955,0.97398,0.75013,0.79586,0.4389,0.88925,1.03517e-05,1.03517e-05,1.03517e-05
496,834.884,0.46242,0.33577,0.80155,0.97214,0.94388,0.97376,0.7465,0.79979,0.44131,0.8914,1.02443e-05,1.02443e-05,1.02443e-05
497,836.372,0.44155,0.32682,0.79097,0.97204,0.9439,0.97371,0.74698,0.80208,0.44164,0.89157,1.01563e-05,1.01563e-05,1.01563e-05
498,837.885,0.47187,0.33461,0.80418,0.97442,0.9374,0.97147,0.7425,0.80414,0.44551,0.89225,1.00879e-05,1.00879e-05,1.00879e-05
499,839.43,0.45412,0.33336,0.7865,0.97434,0.9376,0.97139,0.74098,0.80354,0.44435,0.8921,1.00391e-05,1.00391e-05,1.00391e-05
500,840.926,0.45919,0.32806,0.80886,0.98079,0.93664,0.96925,0.73434,0.80533,0.44293,0.89291,1.00098e-05,1.00098e-05,1.00098e-05
